{"n_estimators": 87, "max_depth": 14, "learning_rate": 0.14345227528492585, "subsample": 0.9545143037203088, "colsample_bytree": 0.5758568971446784, "gamma": 3.6481229944637343, "reg_alpha": 1.04315166968408, "reg_lambda": 12.180133048621304, "min_child_weight": 9}